"Iid","Participant Status","Screener Version","Response Time","Tags","Date Added","Id","First Name","Last Name","Email","Phone Number","Timezone","Occupation","Age","Locality","Region","Country","Browsers","Children","Children under 18","Company size","Computer operating system","Computer with a webcam","Digital design/Prototyping tools","Employment status","English language proficiency - Speaking","Food delivery services","Gender","Gig or contract occupation(s)","Health and wellness apps/platforms","Health insurance type(s)","Home owner","Household income in USD","Industry","Level of education","Living situation","Marital status","Military service status","Neighborhood type","Online banking/Financial management tools","Online learning/Educational platforms","Online marketplace platforms","Online streaming services","Online travel booking services","Other language(s) spoken fluently","Pets owned","Productivity/Project management software","Race / Ethnicity","Seniority","Small business owner","Smart home and gaming devices","Smartphone manufacturer","Smartphone operating system","Social networking platforms","Tablet operating system","Traditional banks","Type of income","Vehicles currently owned or leased","Work setting","Session","Which of the following are you planning to purchase in the next year?","Do you currently have life insurance? Pick the option that fits best.","How much life insurance coverage do you currently have as an individual?","What type(s) of life insurance policies are you considering purchasing in the next year?","How, if at all, have you been doing research to inform your decision about which insurance policies are best for you?","Which of the following life insurance providers have you heard of before?","Which of the following are you planning to purchase in the next year?","Do you currently have life insurance? Pick the option that fits best.","How much life insurance coverage do you currently have as an individual?","What type(s) of life insurance policies are you considering purchasing in the next year?","How, if at all, have you been doing research to inform your decision about which insurance policies are best for you?","Which of the following life insurance providers have you heard of before?"
"pp_rlkho3ww6w","Interview completed","1","2026-03-13 14:00:49 -0400","","2020-08-11","1282406","Jay","Webber","mjw8591@gmail.com","+15016817470","America/Chicago","","67","Maumelle","Arkansas","United States","Chrome, Edge, Internet Explorer","Adult (18+ years)","","","Windows","Yes, my computer has a webcam","","Retired","Fluent","","Man","","Fitbit","Medicare or Medicaid","Yes","$60,000 - $79,999","Oil & Energy","Some college","Live with a husband/wife","Married or in a civil union","N/A - I have never served in the military","Suburban","PayPal, Venmo","","Amazon, Etsy, eBay, Target.com, Facebook Marketplace, Google Shopping, Wayfair, Walmart","Netflix, Hulu, Amazon Prime Video, Spotify, YouTube, HBO Max","Airbnb, Expedia, Booking.com, TripAdvisor, Vrbo, Kayak, Hotels.com, Priceline, Travelocity","N/A - English is my only language","Dog","","White","Vice President (VP)","No","Smart TVs and streaming devices, Smart doorbells, Smart plugs and outlets, Voice assistants","","iOS","Facebook, Instagram, LinkedIn","iOS","Bank of America, Capital One, Other","1099 (US only), W2 (US only)","Lexus, Toyota","","Mar 18, 2026 1:00 PM - 2:00 PM EDT","","","","","","","Life insurance policy, Streaming subscription service, Car, Groceries","Yes, on my own","$25,001-$100,000","Term Life Insurance","I haven't done any research yet","Ethos, MassMutual, MetLife, Mutual of Omaha, New York Life, Northwestern Mutual, Pacific Life, Prudential Financial, SelectQuote"
"pp_0ywh36q2vv","Interview completed","1","2026-03-13 14:04:35 -0400","","2024-09-24","15451385","Marti","Howe","martihowe@gmail.com","+12149140843","America/Chicago","Consultant","57","Dallas","Texas","United States","Chrome, Safari","No children","","Just me","Chrome OS, macOS, Windows","Yes, my computer has a webcam","Canva","Full-time employed","Fluent","Uber Eats, DoorDash, Grubhub, Postmates, Instacart, Caviar, Other","Woman","N/A - I don't have a gig or contract occupation","Apple watch, Calm, Fitbit, Headspace, MyFitnessPal, Other","A plan I purchased myself","Yes","> $200,000","Philanthropy","Undergraduate degree","Live alone","Never married","Other","Urban","Mint, Chime, SoFi Money, PayPal, Quicken, TurboTax, Venmo, Zelle","Coursera, Udemy, Khan Academy, Blackboard, Canvas, Duolingo, LinkedIn Learning, Skillshare, MasterClass, Other","Amazon, Etsy, eBay, Shopify, Target.com, Facebook Marketplace, Google Shopping, Wayfair, Other, Walmart","Netflix, Hulu, Amazon Prime Video, Disney+, Spotify, Apple Music, YouTube, HBO Max, Apple TV+, CBS All Access, Peacock, Other","Airbnb, Expedia, Booking.com, TripAdvisor, Vrbo, Kayak, Hotels.com, Priceline, Travelocity","N/A - English is my only language","Dog, Cat, Other","Google Workspace (Docs, Sheets, Slides, Keep), Microsoft Office (Word, Excel, PowerPoint, OneNote), iWork (Numbers, Pages, Keynote, Notes), Canva, Zoom, Other","White","Owner","Yes","Smart TVs and streaming devices, Smart hubs and controllers, Smart lighting, Smart appliances, Smart doorbells, Networking (mesh WiFi) systems, Voice assistants","","iOS","Facebook, Instagram, X (previously Twitter), LinkedIn, Reddit, Pinterest, Tiktok, Nextdoor","iOS, Windows","Bank of America, Citibank, JPMorgan Chase & Co., Wells Fargo, Other","1099 (US only)","Audi","Remote","Mar 20, 2026 10:00 AM - 11:00 AM EDT","","","","","","","Life insurance policy, Streaming subscription service, Car, Groceries","Yes, on my own","$101,001-$500,000","I don't know which policy is best for me","Talking with friends and family, Speaking with an insurance agent, Searching on the internet, Using AI tools (e.g. ChapGPT, Gemini, Claude), Visiting company websites directly","Ethos, MassMutual, MetLife, Mutual of Omaha, New York Life, Northwestern Mutual, Pacific Life, Prudential Financial"
"pp_xmwh4096vy","Interview completed","1","2026-03-13 14:15:33 -0400","","2025-08-26","20493108","David","Kao","david.kao@oregamiluggage.com","+15033482022","America/Los_Angeles","Business Owner","65","Gresham","Oregon","United States","Safari","Adult (18+ years)","","2-10 employees","macOS","Yes, my computer has a webcam","Canva","Part-time employed, Retired","Fluent","","Man","N/A - I don't have a gig or contract occupation","","A plan I purchased myself","Yes","$60,000 - $79,999","Leisure, Travel & Tourism","Undergraduate degree","Live alone","Divorced or separated","N/A - I have never served in the military","Suburban","PayPal","","Amazon, Facebook Marketplace","Netflix, Hulu, Amazon Prime Video, Disney+, HBO Max, Apple TV+, CBS All Access, Peacock","Airbnb, Expedia, Vrbo, Kayak, Hotels.com, Travelocity","N/A - English is my only language","Cat","Google Workspace (Docs, Sheets, Slides, Keep), Microsoft Office (Word, Excel, PowerPoint, OneNote)","Asian","Owner","Yes","Smart TVs and streaming devices","","iOS","Facebook, Instagram","iOS","Capital One, JPMorgan Chase & Co.","1099 (US only)","Subaru, Other","Hybrid","Mar 18, 2026 4:00 PM - 5:00 PM EDT","","","","","","","Life insurance policy, Streaming subscription service, Groceries","No","$0","Term Life Insurance, I am exploring options at this point","Searching on the internet, Using AI tools (e.g. ChapGPT, Gemini, Claude), Visiting company websites directly","MetLife, Mutual of Omaha, New York Life, Pacific Life, Prudential Financial"
"pp_g23h3dmv02","Interview completed","1","2026-03-13 14:17:22 -0400","","2018-10-21","233376","Thomas","Hogan","hogan.thom@gmail.com","+16514251667","America/Chicago","Strategic Sourcing Manager","64","Minneapolis","Minnesota","United States","Chrome","Adult (18+ years)","","10,001+ employees","Chrome OS","Yes, my computer has a webcam","","Full-time employed","Fluent","Uber Eats, DoorDash, Grubhub, Instacart","Man","N/A - I don't have a gig or contract occupation","Fitbit, Garmin Connect","A plan through my employer, Medicare or Medicaid","Yes","$100,000 - $149,999","Consumer Services","Undergraduate degree","Live alone","Divorced or separated","N/A - I have never served in the military","Urban","PayPal, TurboTax, Venmo, Zelle","","Amazon, eBay, Facebook Marketplace, Google Shopping","Hulu, Amazon Prime Video, Disney+, HBO Max, Peacock","","N/A - English is my only language","Dog, Cat, Fish, Other","Microsoft Office (Word, Excel, PowerPoint, OneNote), Other","White","Manager","No","Smart TVs and streaming devices, Smart hubs and controllers, Smart thermostats, Smart lighting, Smart appliances, Smart doorbells, Smart locks and security systems, Networking (mesh WiFi) systems, Voice assistants, Connected outdoor cameras","","Android","Facebook, X (previously Twitter), LinkedIn, Reddit, Nextdoor","Android, Windows","Capital One, JPMorgan Chase & Co., Wells Fargo","1099 (US only), W2 (US only)","Chevrolet","Hybrid","Mar 17, 2026 8:30 PM - 9:30 PM EDT","","","","","","","Life insurance policy, Streaming subscription service, Car, Groceries","Yes, through work","$101,001-$500,000","I don't know which policy is best for me","Speaking with an insurance agent, Searching on the internet, Using AI tools (e.g. ChapGPT, Gemini, Claude), Visiting company websites directly","MassMutual, MetLife, Mutual of Omaha, New York Life, Northwestern Mutual, Pacific Life, Prudential Financial"
"pp_464hlyozd0","Interview completed","1","2026-03-13 14:53:30 -0400","","2017-06-19","46409","Robert","Edelman","bob.edelman@yahoo.com","+16507144593","America/Los_Angeles","","78","Santa Cruz","California","United States","Chrome, Edge, Firefox","Adult (18+ years)","","","Windows","Yes, my computer has a webcam","","Retired","Fluent","","Man","","N/A - I don't use this type of app/platform","Medicare or Medicaid","Yes","$30,000 - $39,999","Biotechnology","Undergraduate degree","Live alone","Divorced or separated","N/A - I have never served in the military","Suburban","","","Amazon, eBay, Other","Hulu, Amazon Prime Video, YouTube","Airbnb","N/A - English is my only language","","","White","Senior","No","","Apple","iOS","","Android","Other","1099 (US only), Other","Dodge, Other","","Mar 20, 2026 2:55 PM - 3:55 PM EDT","","","","","","","Life insurance policy, Streaming subscription service, Groceries","Yes, on my own","$25,001-$100,000","Final Expense Life Insurance","Searching on the internet, Visiting company websites directly","MassMutual, MetLife, Mutual of Omaha, New York Life, Northwestern Mutual, Pacific Life, Prudential Financial"
"pp_2rmh39r307","Interview completed","1","2026-03-13 15:27:18 -0400","","2015-12-13","7013","Gina","Leccese","leccesegina@gmail.com","+16177593615","America/New_York","Library Paraprofessional","57","Medford","Massachusetts","United States","Chrome, Internet Explorer","Adult (18+ years)","","Just me","Chrome OS, Windows","Yes, my computer has a webcam","N/A - I don't use this type of tool","Part-time employed","Fluent","","Woman","","Calm, Fitbit, MyFitnessPal, Peloton","A plan through my employer","Yes","$150,000 - $199,999","Libraries","Undergraduate degree","Live with a husband/wife","Married or in a civil union","N/A - I have never served in the military","Suburban","","","Amazon, Target.com, Facebook Marketplace, Walmart","Netflix, Hulu, Amazon Prime Video, Disney+, YouTube","","N/A - English is my only language","No pets","","White","Entry-level","No","","","iOS","Facebook, Instagram","iOS","Bank of America, Citizens Bank, JPMorgan Chase & Co., TD Bank","W2 (US only)","Ford","In-person","Mar 19, 2026 12:45 PM - 1:45 PM EDT","","","","","","","Life insurance policy, Streaming subscription service, Car, Groceries","Yes, both through work and on my own","$500,001-$1,000,000","Whole Life Insurance, Term Life Insurance, Indexed Universal Life Insurance","Talking with an expert advisor (e.g. lawyer, financial planner), Speaking with an insurance agent, Searching on the internet, Using AI tools (e.g. ChapGPT, Gemini, Claude), Visiting company websites directly","MassMutual, MetLife, Mutual of Omaha, New York Life, Northwestern Mutual, Pacific Life, Prudential Financial"
"pp_zjmhox3j2e","Interview completed","1","2026-03-13 15:46:22 -0400","","2021-06-14","3101088","Abby","Liguori","philabby@aol.com","+17326873890","America/New_York","Homemaker","61","Middletown Township","New Jersey","United States","Chrome","Adult (18+ years)","","Just me","Windows","Yes, my computer has a webcam","N/A - I don't use this type of tool","Homemaker","Fluent","N/A - I don't use this type of service","Woman","","Apple watch, MyFitnessPal","A plan through a family member’s employer","Yes","> $200,000","Arts and Crafts","Undergraduate degree","Live with a husband/wife","Married or in a civil union","N/A - I have never served in the military","Suburban","PayPal","","eBay, Facebook Marketplace","Netflix, Hulu, Amazon Prime Video, Disney+, Spotify, Peacock","N/A - I don't use this type of service","N/A - English is my only language","No pets","Google Workspace (Docs, Sheets, Slides, Keep), Microsoft Office (Word, Excel, PowerPoint, OneNote), Zoom","White","Unpaid","No","Smart TVs and streaming devices, Smart doorbells, Smart plugs and outlets, Networking (mesh WiFi) systems, Voice assistants","","iOS","Facebook, Instagram, X (previously Twitter), Pinterest","iOS","JPMorgan Chase & Co.","1099 (US only)","Lexus","","Mar 17, 2026 4:00 PM - 5:00 PM EDT","","","","","","","Life insurance policy, Streaming subscription service, Car, Groceries","Yes, through work","$25,001-$100,000","I don't know which policy is best for me","Talking with friends and family","Ethos, MetLife, Mutual of Omaha, New York Life, Prudential Financial"
"pp_qq6hrgy0wl","Interview completed","2","2026-03-13 19:36:41 -0400","","2019-04-04","327455","ruthie","Dillon","qwolfie72@juno.com","+12158807271","America/New_York","Personal Assistant","64","Philadelphia","Pennsylvania","United States","Chrome, Edge, Firefox, Other","Adult (18+ years)","","11-50 employees","Windows","Yes, my computer has a webcam","Adobe Creative Cloud","Full-time employed","Fluent","","Woman","Other","Fitbit, Headspace, MyFitnessPal","A plan I purchased myself","Yes","$100,000 - $149,999","Consumer Services","Undergraduate degree","Live with a husband/wife","Married or in a civil union","N/A - I have never served in the military","Urban","PayPal, Wealthfront, Zelle","Udemy, Skillshare","Amazon, Etsy, eBay, Shopify, Target.com, Facebook Marketplace, Google Shopping, Wayfair, Walmart","Netflix, Amazon Prime Video, YouTube, HBO Max","Expedia, Booking.com, TripAdvisor, Kayak, Hotels.com, Priceline, Travelocity","N/A - English is my only language","Dog, Cat","Google Workspace (Docs, Sheets, Slides, Keep), Microsoft Office (Word, Excel, PowerPoint, OneNote), Zoom","White","Manager","Yes","Smart TVs and streaming devices, Smart locks and security systems, Voice assistants, Connected outdoor cameras","","Android","Facebook, Instagram, LinkedIn, Reddit, Pinterest, Snapchat, Tiktok, Discord, Nextdoor","","Bank of America, Capital One, Citibank, Citizens Bank, JPMorgan Chase & Co., U.S. Bank, TD Bank, Wells Fargo","Other","Toyota","Hybrid","Mar 18, 2026 10:00 AM - 11:00 AM EDT","Life insurance policy, Streaming subscription service, Car, Groceries","Yes, on my own","$101,001-$500,000","Whole Life Insurance, Term Life Insurance","Searching on the internet, Using AI tools (e.g. ChapGPT, Gemini, Claude), Visiting company websites directly","Ethos, Ladder Life, MassMutual, MetLife, Mutual of Omaha, New York Life, Northwestern Mutual, Pacific Life, Prudential Financial, SelectQuote"
"pp_e2lhgl7vvz","Interview completed","2","2026-03-14 00:03:07 -0400","","2024-05-09","13680573","steven","raz","steve@opticspy.com","+16192542130","America/Los_Angeles","IT Consultant","56","Los Angeles","California","United States","Chrome, Edge, Firefox, Internet Explorer, Safari","School aged (6-12 years)","","2-10 employees","Chrome OS, Windows, GNU/Linux or Unix","Yes, my computer has a webcam","Adobe Creative Cloud, Adobe XD","Full-time employed, Part-time employed","Fluent","Uber Eats, DoorDash, Grubhub, Postmates, Instacart, Seamless","Man","Freelancer, Upwork","Fitbit","Medicare or Medicaid","Yes","$80,000 - $99,999","Computer & Network Security","Postgraduate degree","Live with a significant other","Divorced or separated","N/A - I have never served in the military","Urban","PayPal, Quicken, Robinhood, TurboTax, Venmo, Zelle","Udemy, Canvas, Duolingo, LinkedIn Learning, Skillshare, MasterClass, Udacity, FutureLearn","Amazon, eBay, Shopify, Alibaba, Target.com, Facebook Marketplace, Google Shopping, Wayfair, Walmart","Netflix, Hulu, Amazon Prime Video, Spotify, YouTube, Peacock","Airbnb, Expedia, Booking.com, TripAdvisor, Vrbo, Kayak, Hotels.com, Priceline, Travelocity","Hebrew","Dog, Cat, Fish","Google Workspace (Docs, Sheets, Slides, Keep), Microsoft Office (Word, Excel, PowerPoint, OneNote), iWork (Numbers, Pages, Keynote, Notes), Jira, Monday.com, Zoom","White","Senior","Yes","Smart TVs and streaming devices, Smart thermostats, Smart doorbells, Smart plugs and outlets, Networking (mesh WiFi) systems, Voice assistants, Connected indoor cameras, VR headsets, Video game consoles","","Android","Facebook, Instagram, X (previously Twitter), LinkedIn, Reddit, Pinterest, Snapchat, Tiktok, Discord, Nextdoor","Android","Bank of America, Citibank, U.S. Bank, Wells Fargo","1099 (US only), Other","Chevrolet, Other","In-person","Mar 18, 2026 2:00 PM - 3:00 PM EDT","Life insurance policy, Streaming subscription service, Car, Groceries","Yes, both through work and on my own","$500,001-$1,000,000","Whole Life Insurance, Term Life Insurance, Indexed Universal Life Insurance, Final Expense Life Insurance","Talking with friends and family, Talking with an expert advisor (e.g. lawyer, financial planner), Speaking with an insurance agent, Searching on the internet, Using AI tools (e.g. ChapGPT, Gemini, Claude), Visiting company websites directly","Ethos, Fabric by Gerber Life, Ladder Life, MassMutual, MetLife, Mutual of Omaha, New York Life, Northwestern Mutual, Pacific Life, Prudential Financial, SelectQuote"
"pp_xmwh40qql7","Interview completed","2","2026-03-14 13:51:54 -0400","","2019-09-26","542366","Julie","Zumhofe","jzumhofe1@gmail.com","+17203523273","America/Denver","Office Administrator","64","Longmont","Colorado","United States","Chrome, Firefox, Internet Explorer","Adult (18+ years)","","5001-10,000 employees","Chrome OS, Windows","Yes, my computer has a webcam","","Full-time employed","Fluent","","Woman","","","A plan through my employer","No","$80,000 - $99,999","Government Administration","Finished high school","None of the above","Divorced or separated","","Other","PayPal, TurboTax, Venmo, Zelle","","","Netflix, Amazon Prime Video, YouTube, Peacock","","N/A - English is my only language","","Google Workspace (Docs, Sheets, Slides, Keep), Microsoft Office (Word, Excel, PowerPoint, OneNote), Slack, Zoom","White","Senior","No","Smart TVs and streaming devices, Smart hubs and controllers, Connected indoor cameras, Video game consoles","","Android, Windows","Facebook","Android, Windows","","W2 (US only)","Subaru","","Mar 19, 2026 8:30 PM - 9:30 PM EDT","Life insurance policy, Streaming subscription service, Groceries","Yes, through work","$101,001-$500,000","I don't know which policy is best for me","Searching on the internet","MassMutual, MetLife, Mutual of Omaha, New York Life, Prudential Financial"
